INSERT INTO facility_category (id, category_name, visible) VALUES (1, '방범CCTV', 1);
INSERT INTO facility_category (id, category_name, visible) VALUES (2, '비상벨', 1);
INSERT INTO facility_category (id, category_name, visible) VALUES (3, '아동안전지킴이집/지구대', 1);
INSERT INTO facility_category (id, category_name, visible) VALUES (4, '기타', 1);

INSERT INTO facility (id, latitude, longitude, content, facility_category_id) VALUES (1, 37.2153629206238, 126.965393754958, '효행초 주변 방범 cctv', 1);

INSERT INTO facility (id, latitude, longitude, content, facility_category_id) VALUES (2, 37.2161923863616, 126.967239631647, '효행초 주변 방범 cctv', 1);
INSERT INTO facility (id, latitude, longitude, content, facility_category_id) VALUES (3, 37.2159913208762, 126.96897368965, '효행초 주변 방범 cctv', 1);

INSERT INTO facility (id, latitude, longitude, content, facility_category_id) VALUES (4, 37.215492153717, 126.968996142843, '효행초 주변 방범 cctv', 1);
INSERT INTO facility (id, latitude, longitude, content, facility_category_id) VALUES (5, 37.2150868071492, 126.969490203087, '효행초 주변 방범 cctv', 1);
INSERT INTO facility (id, latitude, longitude, content, facility_category_id) VALUES (6, 37.2120137140187, 126.969955069373, '와우리 쌍용apt 방범 cctv', 1);

INSERT INTO facility (id, latitude, longitude, content, facility_category_id) VALUES (7, 37.2127323788586, 126.973960887314, '푸르지오 apt 앞 방범cctv', 1);
INSERT INTO facility (id, latitude, longitude, content, facility_category_id) VALUES (8, 37.2147439888658, 126.971329004716, '신명apt 앞', 1);
INSERT INTO facility (id, latitude, longitude, content, facility_category_id) VALUES (9, 37.2162095711414, 126.970275520366, '어린이 물놀이터 안', 1);
INSERT INTO facility (id, latitude, longitude, content, facility_category_id) VALUES (10, 37.2165420766256, 126.971027643248, '와우정 앞', 1);
INSERT INTO facility (id, latitude, longitude, content, facility_category_id) VALUES (11, 37.2163341626157, 126.972121975217, '임광그대가 2단지 후문', 1);

INSERT INTO facility (id, latitude, longitude, content, facility_category_id) VALUES (13, 37.2143272390402, 126.975677924819, '화성세무서 앞', 1);
INSERT INTO facility (id, latitude, longitude, content, facility_category_id) VALUES (14, 37.2155094938453, 126.97395473522, '임광 그대가 1단지 앞', 1);

INSERT INTO facility (id, latitude, longitude, content, facility_category_id) VALUES (15, 37.2172205260262, 126.975755303252, '와우로 119번길 아트빌 앞', 1);
INSERT INTO facility (id, latitude, longitude, content, facility_category_id) VALUES (16, 37.2172329285578, 126.976611010719, '와우 남촌 마을회관 앞', 1);


INSERT INTO facility (id, latitude, longitude, content, facility_category_id) VALUES (18, 37.2186193902897, 126.972620890781, '와우리 교회 앞', 1);
INSERT INTO facility (id, latitude, longitude, content, facility_category_id) VALUES (19, 37.2175924287984, 126.970283520927, '에듀시티 파라곤apt와 봉담지구대 사이 도로 ', 1);
INSERT INTO facility (id, latitude, longitude, content, facility_category_id) VALUES (20, 37.2197356973516, 126.970370773086, '봉담동화지구 도시개발구역', 1);
INSERT INTO facility (id, latitude, longitude, content, facility_category_id) VALUES (21, 37.2218068738042, 126.971071032096, '자이 라피네 apt 앞', 1);
INSERT INTO facility (id, latitude, longitude, content, facility_category_id) VALUES (22, 37.2204506975414, 126.971175605094, '와우초와 봉담라피네 사이', 1);
INSERT INTO facility (id, latitude, longitude, content, facility_category_id) VALUES (23, 37.2196594779485, 126.969377152108, '에듀시티 파라곤apt 정문', 1);
INSERT INTO facility (id, latitude, longitude, content, facility_category_id) VALUES (24, 37.2176450821014, 126.968307045775, '백동물 의료센터 앞', 1);
INSERT INTO facility (id, latitude, longitude, content, facility_category_id) VALUES (25, 37.2143780114316, 126.978104979244, '던킨도너츠 앞 사거리', 1);
INSERT INTO facility (id, latitude, longitude, content, facility_category_id) VALUES (26, 37.2138397902441, 126.979565952949, '수원대 버스 정류장', 1);
INSERT INTO facility (id, latitude, longitude, content, facility_category_id) VALUES (27, 37.2147685901151, 126.980374484777, '마트킹 앞 도로', 1);

INSERT INTO facility (id, latitude, longitude, content, facility_category_id) VALUES (28, 37.2169013968544, 126.978565784534, '해성자동차공업사 앞 도로', 1);
INSERT INTO facility (id, latitude, longitude, content, facility_category_id) VALUES (29, 37.2174140078081, 126.978266444367, '제이엠미트 앞 도로', 1);
INSERT INTO facility (id, latitude, longitude, content, facility_category_id) VALUES (30, 37.2183190311755, 126.976874711542, '와우리 범죄침입구역 입구', 1);
INSERT INTO facility (id, latitude, longitude, content, facility_category_id) VALUES (31, 37.2186620258489, 126.976530337947, '범죄침입구역 경고문', 4);
INSERT INTO facility (id, latitude, longitude, content, facility_category_id) VALUES (32, 37.2195125253959, 126.976372267928, '범죄침입구역 경고문', 4);

INSERT INTO facility (id, latitude, longitude, content, facility_category_id) VALUES (33, 37.2185792574212, 126.976573049691, '와우리 원룸 지역 24-13 앞', 1);
INSERT INTO facility (id, latitude, longitude, content, facility_category_id) VALUES (34, 37.2191018991981, 126.975807885933, '범죄침입구역 경고문', 4);
INSERT INTO facility (id, latitude, longitude, content, facility_category_id) VALUES (36, 37.2172477688673, 126.975587332685, '와우리 원룸지역 39 앞', 1);
INSERT INTO facility (id, latitude, longitude, content, facility_category_id) VALUES (37, 37.2238483333333, 126.953408333333, '수영리691-1에 설치', 1);
INSERT INTO facility (id, latitude, longitude, content, facility_category_id) VALUES (38, 37.2238483333333, 126.953408333333, ' 동화리438-17 전봇대에 설치', 2);
INSERT INTO facility (id, latitude, longitude, content, facility_category_id) VALUES (39, 37.2230083333333, 126.954213333333, '비상벨', 2);
INSERT INTO facility (id, latitude, longitude, content, facility_category_id) VALUES (40, 37.21494852, 126.96958292, '한신더휴, 임광3차, 휴번밀 사이 삼거리의 CCTV', 1);

INSERT INTO facility (id, latitude, longitude, content, facility_category_id) VALUES (41, 37.21842887, 126.97579596, '온누리교회', 3);

INSERT INTO facility (id, latitude, longitude, content, facility_category_id) VALUES (42, 37.21659289, 126.97082336, '화성서부경찰서 봉담지구대', 3);

INSERT INTO facility (id, latitude, longitude, content, facility_category_id) VALUES (43, 37.21539391, 126.96875734, '한신더휴, 효행초 사이 cctv', 1);
INSERT INTO facility (id, latitude, longitude, content, facility_category_id) VALUES (44, 37.21910206, 126.96669383, '와우중학교 앞 cctv', 1);

INSERT INTO facility (id, latitude, longitude, content, facility_category_id) VALUES (45, 37.21889306, 126.9649388, '와우중 앞 cctv', 1);

INSERT INTO facility (id, latitude, longitude, content, facility_category_id) VALUES (46, 37.21937053, 126.97238199, '와우초등학교 앞', 1);

INSERT INTO facility (id, latitude, longitude, content, facility_category_id) VALUES (47, 37.214835, 126.962498, '동화마을 5단지, 동화새터길 사이 cctv', 1);
INSERT INTO facility (id, latitude, longitude, content, facility_category_id) VALUES (48, 37.216297, 126.966951, '한신아파트, 효행초 부근 CCTV (동화역말길)', 1);
INSERT INTO facility (id, latitude, longitude, content, facility_category_id) VALUES (49, 37.218569, 126.967134, '와우고 부근 cctv', 1);
INSERT INTO facility (id, latitude, longitude, content, facility_category_id) VALUES (50, 37.22198, 126.960584, '새말안길, 봉담동탄고속도로 부근', 1);
INSERT INTO facility (id, latitude, longitude, content, facility_category_id) VALUES (51, 37.22305, 126.95342, '동화리 여성친화 안심거리 내 방범CCTV', 1);

INSERT INTO facility (id, latitude, longitude, content, facility_category_id) VALUES (52, 37.2182666666667, 126.95594, '피아노숲공원 내 방범CCTV', 1);
INSERT INTO facility (id, latitude, longitude, content, facility_category_id) VALUES (53, 37.21817, 126.95548, '피아노숲공원 부근  CCTV', 1);
INSERT INTO facility (id, latitude, longitude, content, facility_category_id) VALUES (54, 37.21854, 126.962551666667, '물소리공원 안쪽, 봉담동탄고속도로 부근 cctv', 1);
INSERT INTO facility (id, latitude, longitude, content, facility_category_id) VALUES (55, 37.2194816666667, 126.960101666667, '새말안길 17, 개인방범 CCTV', 1);
INSERT INTO facility (id, latitude, longitude, content, facility_category_id) VALUES (56, 37.2157416666667, 126.958788333333, '달그림자공원 내 방범CCTV', 1);
INSERT INTO facility (id, latitude, longitude, content, facility_category_id) VALUES (57, 37.218575, 126.954121666667, '상봉초 앞, 동문아파트 뒤쪽길 부근 CCTV', 1);
INSERT INTO facility (id, latitude, longitude, content, facility_category_id) VALUES (58, 37.2166283333333, 126.959031666667, '경기 화성시 봉담읍 동화길 93-8 쌍용프라자 501호, 진스블랙벨트태권도', 3);
INSERT INTO facility (id, latitude, longitude, content, facility_category_id) VALUES (59, 37.2176966666667, 126.952933333333, '봉담고(굿모닝힐 가는길 있는곳)의 비상벨', 2);
INSERT INTO facility (id, latitude, longitude, content, facility_category_id) VALUES (60, 37.21761, 126.952986666667, '봉담고(굿모닝힐 가는길 있는곳)의 cctv', 1);
INSERT INTO facility (id, latitude, longitude, content, facility_category_id) VALUES (61, 37.217995, 126.955835, '상봉초, 동일하이빌 사이에 있는 cctv', 1);
INSERT INTO facility (id, latitude, longitude, content, facility_category_id) VALUES (62, 37.2211316666667, 126.959433333333, '신동아파밀리에 부근 cctv', 1);
INSERT INTO facility (id, latitude, longitude, content, facility_category_id) VALUES (63, 37.22128, 126.959735, '신동아파밀리에 부근 방범 cctv', 1);
INSERT INTO facility (id, latitude, longitude, content, facility_category_id) VALUES (64, 37.2224916666667, 126.958976666667, '신동아 파밀리에 정문 앞 CCTV', 1);
INSERT INTO facility (id, latitude, longitude, content, facility_category_id) VALUES (65, 37.22301, 126.957185, '신동아 파밀리에 북쪽 cctv', 1);
INSERT INTO facility (id, latitude, longitude, content, facility_category_id) VALUES (66, 37.2230683333333, 126.954301666667, '동화리 여성친화 안심거리 cctv', 1);
INSERT INTO facility (id, latitude, longitude, content, facility_category_id) VALUES (67, 37.2130216666667, 126.959968333333, '학촌유치원, 동화마을 6단지 사이, 웃음길에 있는 방범cctv', 1);
INSERT INTO facility (id, latitude, longitude, content, facility_category_id) VALUES (68, 37.2126016666667, 126.9577, '웃음길에 있는 방범CCTV', 1);
INSERT INTO facility (id, latitude, longitude, content, facility_category_id) VALUES (69, 37.2163033333333, 126.952321666667, '봉담중학교 부근 방범cctv', 1);
INSERT INTO facility (id, latitude, longitude, content, facility_category_id) VALUES (70, 37.2169116666667, 126.951248333333, '봉담중학교 사거리에 있는 방범 cctv', 1);
INSERT INTO facility (id, latitude, longitude, content, facility_category_id) VALUES (71, 37.217915, 126.951238333333, '해담은어린이집 사거리 cctv', 1);
INSERT INTO facility (id, latitude, longitude, content, facility_category_id) VALUES (72, 37.218565, 126.951528333333, '동문굿모닝힐 서쪽, 봉담호수공원과 접해있는 도로의 방범cctv', 1);
INSERT INTO facility (id, latitude, longitude, content, facility_category_id) VALUES (73, 37.21952319323768, 126.94989866972308, '봉담읍행정복지센터 봉담문화의집 앞에 있는 안심무인택배함', 4);






INSERT INTO facility_image_urls (facility_id, image_urls) VALUES (1, 'https://file.ramblr.com/photo/1024x768/20240818/66c1613224c24.jpg');
INSERT INTO facility_image_urls (facility_id, image_urls) VALUES (1, 'https://file.ramblr.com/photo/1024x768/20240818/66c161347c624.jpg');
INSERT INTO facility_image_urls (facility_id, image_urls) VALUES (2, 'https://file.ramblr.com/photo/1024x768/20240818/66c161360c575.jpg');
INSERT INTO facility_image_urls (facility_id, image_urls) VALUES (3, 'https://file.ramblr.com/photo/1024x768/20240818/66c16137a26f8.jpg');
INSERT INTO facility_image_urls (facility_id, image_urls) VALUES (3, 'https://file.ramblr.com/photo/1024x768/20240818/66c1613a01d00.jpg');
INSERT INTO facility_image_urls (facility_id, image_urls) VALUES (4, 'https://file.ramblr.com/photo/1024x768/20240818/66c1613bbeaba.jpg');
INSERT INTO facility_image_urls (facility_id, image_urls) VALUES (5, 'https://file.ramblr.com/photo/1024x768/20240818/66c16143a674b.jpg');
INSERT INTO facility_image_urls (facility_id, image_urls) VALUES (6, 'https://file.ramblr.com/photo/1024x768/20240818/66c161460d287.jpg');
INSERT INTO facility_image_urls (facility_id, image_urls) VALUES (6, 'https://file.ramblr.com/photo/1024x768/20240818/66c16147dce7d.jpg');
INSERT INTO facility_image_urls (facility_id, image_urls) VALUES (7, 'https://file.ramblr.com/photo/1024x768/20240818/66c1614fac782.jpg');
INSERT INTO facility_image_urls (facility_id, image_urls) VALUES (8, 'https://file.ramblr.com/photo/1024x768/20240818/66c161530671a.jpg');
INSERT INTO facility_image_urls (facility_id, image_urls) VALUES (9, 'https://file.ramblr.com/photo/1024x768/20240818/66c161547a82b.jpg');
INSERT INTO facility_image_urls (facility_id, image_urls) VALUES (10, 'https://file.ramblr.com/photo/1024x768/20240818/66c161560a11e.jpg');
INSERT INTO facility_image_urls (facility_id, image_urls) VALUES (11, 'https://file.ramblr.com/photo/1024x768/20240818/66c161578ca5f.jpg');
INSERT INTO facility_image_urls (facility_id, image_urls) VALUES (13, 'https://file.ramblr.com/photo/1024x768/20240818/66c1615c0e234.jpg');
INSERT INTO facility_image_urls (facility_id, image_urls) VALUES (14, 'https://file.ramblr.com/photo/1024x768/20240818/66c1615dd7bc1.jpg');
INSERT INTO facility_image_urls (facility_id, image_urls) VALUES (14, 'https://file.ramblr.com/photo/1024x768/20240818/66c1615f5188d.jpg');
INSERT INTO facility_image_urls (facility_id, image_urls) VALUES (15, 'https://file.ramblr.com/photo/1024x768/20240818/66c16161361cc.jpg');
INSERT INTO facility_image_urls (facility_id, image_urls) VALUES (16, 'https://file.ramblr.com/photo/1024x768/20240818/66c16162acafc.jpg');
INSERT INTO facility_image_urls (facility_id, image_urls) VALUES (16, 'https://file.ramblr.com/photo/1024x768/20240818/66c16165e25af.jpg');
INSERT INTO facility_image_urls (facility_id, image_urls) VALUES (18, 'https://file.ramblr.com/photo/1024x768/20240818/66c1616a1d445.jpg');
INSERT INTO facility_image_urls (facility_id, image_urls) VALUES (19, 'https://file.ramblr.com/photo/1024x768/20240818/66c1616d2a109.jpg');
INSERT INTO facility_image_urls (facility_id, image_urls) VALUES (20, 'https://file.ramblr.com/photo/1024x768/20240818/66c1616ec7f21.jpg');
INSERT INTO facility_image_urls (facility_id, image_urls) VALUES (21, 'https://file.ramblr.com/photo/1024x768/20240818/66c161707c80f.jpg');
INSERT INTO facility_image_urls (facility_id, image_urls) VALUES (22, 'https://file.ramblr.com/photo/1024x768/20240818/66c16173d61d5.jpg');
INSERT INTO facility_image_urls (facility_id, image_urls) VALUES (23, 'https://file.ramblr.com/photo/1024x768/20240818/66c16178b667e.jpg');
INSERT INTO facility_image_urls (facility_id, image_urls) VALUES (24, 'https://file.ramblr.com/photo/1024x768/20240818/66c1617a42182.jpg');
INSERT INTO facility_image_urls (facility_id, image_urls) VALUES (25, 'https://file.ramblr.com/photo/1024x768/20240818/66c1617bc3d2c.jpg');
INSERT INTO facility_image_urls (facility_id, image_urls) VALUES (26, 'https://file.ramblr.com/photo/1024x768/20240818/66c1617d538cc.jpg');
INSERT INTO facility_image_urls (facility_id, image_urls) VALUES (27, 'https://file.ramblr.com/photo/1024x768/20240818/66c1617fa6463.jpg');
INSERT INTO facility_image_urls (facility_id, image_urls) VALUES (27, 'https://file.ramblr.com/photo/1024x768/20240818/66c16181b04ee.jpg');
INSERT INTO facility_image_urls (facility_id, image_urls) VALUES (28, 'https://file.ramblr.com/photo/1024x768/20240818/66c161839b5d4.jpg');
INSERT INTO facility_image_urls (facility_id, image_urls) VALUES (29, 'https://file.ramblr.com/photo/1024x768/20240818/66c1618525c56.jpg');
INSERT INTO facility_image_urls (facility_id, image_urls) VALUES (30, 'https://file.ramblr.com/photo/1024x768/20240818/66c16186c63df.jpg');
INSERT INTO facility_image_urls (facility_id, image_urls) VALUES (31, 'https://file.ramblr.com/photo/1024x768/20240818/66c1618859997.jpg');
INSERT INTO facility_image_urls (facility_id, image_urls) VALUES (32, 'https://file.ramblr.com/photo/1024x768/20240818/66c1618aa6ec6.jpg');
INSERT INTO facility_image_urls (facility_id, image_urls) VALUES (32, 'https://file.ramblr.com/photo/1024x768/20240818/66c1618d0580e.jpg');
INSERT INTO facility_image_urls (facility_id, image_urls) VALUES (33, 'https://file.ramblr.com/photo/1024x768/20240818/66c16191aa9b4.jpg');
INSERT INTO facility_image_urls (facility_id, image_urls) VALUES (34, 'https://file.ramblr.com/photo/1024x768/20240818/66c16193dc8a1.jpg');
INSERT INTO facility_image_urls (facility_id, image_urls) VALUES (36, 'https://file.ramblr.com/photo/1024x768/20240818/66c1619c3e07b.jpg');
INSERT INTO facility_image_urls (facility_id, image_urls) VALUES (37, 'https://file.ramblr.com/photo/1024x768/20240813/66bb50948dac6.jpg');
INSERT INTO facility_image_urls (facility_id, image_urls) VALUES (38, 'https://file.ramblr.com/photo/1024x768/20240813/66bb509609913.jpg');
INSERT INTO facility_image_urls (facility_id, image_urls) VALUES (39, 'https://file.ramblr.com/photo/1024x768/20240813/66bb50b426046.jpg');
INSERT INTO facility_image_urls (facility_id, image_urls) VALUES (40, 'https://file.ramblr.com/photo/1024x768/20240812/66b9e6f656b0f.jpg');
INSERT INTO facility_image_urls (facility_id, image_urls) VALUES (40, 'https://file.ramblr.com/photo/1024x768/20240812/66b9e6f8cd3cd.jpg');
INSERT INTO facility_image_urls (facility_id, image_urls) VALUES (41, 'https://file.ramblr.com/photo/1024x768/20240812/66b9e6fa67119.jpg');
INSERT INTO facility_image_urls (facility_id, image_urls) VALUES (41, 'https://file.ramblr.com/photo/1024x768/20240812/66b9e6fbdd736.jpg');
INSERT INTO facility_image_urls (facility_id, image_urls) VALUES (42, 'https://file.ramblr.com/photo/1024x768/20240812/66b9e6fd61e0b.jpg');
INSERT INTO facility_image_urls (facility_id, image_urls) VALUES (42, 'https://file.ramblr.com/photo/1024x768/20240812/66b9e6ff9a2ca.jpg');
INSERT INTO facility_image_urls (facility_id, image_urls) VALUES (43, 'https://file.ramblr.com/photo/1024x768/20240812/66b9e706bb535.jpg');
INSERT INTO facility_image_urls (facility_id, image_urls) VALUES (44, 'https://file.ramblr.com/photo/1024x768/20240812/66b9e70831257.jpg');
INSERT INTO facility_image_urls (facility_id, image_urls) VALUES (44, 'https://file.ramblr.com/photo/1024x768/20240812/66b9e70d30ab6.jpg');
INSERT INTO facility_image_urls (facility_id, image_urls) VALUES (45, 'https://file.ramblr.com/photo/1024x768/20240812/66b9e7112cf31.jpg');
INSERT INTO facility_image_urls (facility_id, image_urls) VALUES (45, 'https://file.ramblr.com/photo/1024x768/20240812/66b9e714e7750.jpg');
INSERT INTO facility_image_urls (facility_id, image_urls) VALUES (46, 'https://file.ramblr.com/photo/1024x768/20240812/66b9e71682e5b.jpg');
INSERT INTO facility_image_urls (facility_id, image_urls) VALUES (46, 'https://file.ramblr.com/photo/1024x768/20240812/66b9e71cbb6e9.jpg');
INSERT INTO facility_image_urls (facility_id, image_urls) VALUES (47, 'https://file.ramblr.com/photo/1024x768/20240816/66bf00b87f9c8.jpg');
INSERT INTO facility_image_urls (facility_id, image_urls) VALUES (48, 'https://file.ramblr.com/photo/1024x768/20240816/66bf00bd155e2.jpg');
INSERT INTO facility_image_urls (facility_id, image_urls) VALUES (49, 'https://file.ramblr.com/photo/1024x768/20240816/66bf00c12d9f8.jpg');
INSERT INTO facility_image_urls (facility_id, image_urls) VALUES (50, 'https://file.ramblr.com/photo/1024x768/20240816/66bf00d626fa8.jpg');
INSERT INTO facility_image_urls (facility_id, image_urls) VALUES (51, 'https://file.ramblr.com/photo/1024x768/20240812/66ba1a67d8fdc.jpg');
INSERT INTO facility_image_urls (facility_id, image_urls) VALUES (51, 'https://file.ramblr.com/photo/1024x768/20240812/66ba1a697b5a9.jpg');
INSERT INTO facility_image_urls (facility_id, image_urls) VALUES (52, 'https://file.ramblr.com/photo/1024x768/20240812/66ba1a6b1e53a.jpg');
INSERT INTO facility_image_urls (facility_id, image_urls) VALUES (53, 'https://file.ramblr.com/photo/1024x768/20240812/66ba1a6d17d66.jpg');
INSERT INTO facility_image_urls (facility_id, image_urls) VALUES (54, 'https://file.ramblr.com/photo/1024x768/20240812/66ba1a85ac3d8.jpg');
INSERT INTO facility_image_urls (facility_id, image_urls) VALUES (55, 'https://file.ramblr.com/photo/1024x768/20240812/66ba1a8d64f7b.jpg');
INSERT INTO facility_image_urls (facility_id, image_urls) VALUES (56, 'https://file.ramblr.com/photo/1024x768/20240812/66ba1a93b23b5.jpg');
INSERT INTO facility_image_urls (facility_id, image_urls) VALUES (57, 'https://file.ramblr.com/photo/1024x768/20240812/66ba1aaeed9e2.jpg');
INSERT INTO facility_image_urls (facility_id, image_urls) VALUES (58, 'https://file.ramblr.com/photo/1024x768/20240812/66ba1ac8c1668.jpg');
INSERT INTO facility_image_urls (facility_id, image_urls) VALUES (59, 'https://file.ramblr.com/photo/1024x768/20241106/672b114cdec82.jpg');
INSERT INTO facility_image_urls (facility_id, image_urls) VALUES (60, 'https://file.ramblr.com/photo/1024x768/20241106/672b114eed7f2.jpg');
INSERT INTO facility_image_urls (facility_id, image_urls) VALUES (61, 'https://file.ramblr.com/photo/1024x768/20241106/672b11510826b.jpg');
INSERT INTO facility_image_urls (facility_id, image_urls) VALUES (62, 'https://file.ramblr.com/photo/1024x768/20241106/672b1156630b2.jpg');
INSERT INTO facility_image_urls (facility_id, image_urls) VALUES (63, 'https://file.ramblr.com/photo/1024x768/20241106/672b1158f32e1.jpg');
INSERT INTO facility_image_urls (facility_id, image_urls) VALUES (64, 'https://file.ramblr.com/photo/1024x768/20241106/672b115a6a482.jpg');
INSERT INTO facility_image_urls (facility_id, image_urls) VALUES (65, 'https://file.ramblr.com/photo/1024x768/20241106/672b115d68bef.jpg');
INSERT INTO facility_image_urls (facility_id, image_urls) VALUES (66, 'https://file.ramblr.com/photo/1024x768/20241106/672b115ef2207.jpg');
INSERT INTO facility_image_urls (facility_id, image_urls) VALUES (67, 'https://file.ramblr.com/photo/1024x768/20241106/672b1160736c2.jpg');
INSERT INTO facility_image_urls (facility_id, image_urls) VALUES (68, 'https://file.ramblr.com/photo/1024x768/20241106/672b116211018.jpg');
INSERT INTO facility_image_urls (facility_id, image_urls) VALUES (69, 'https://file.ramblr.com/photo/1024x768/20241106/672b1164543f9.jpg');
INSERT INTO facility_image_urls (facility_id, image_urls) VALUES (70, 'https://file.ramblr.com/photo/1024x768/20241106/672b1165e9aab.jpg');
INSERT INTO facility_image_urls (facility_id, image_urls) VALUES (71, 'https://file.ramblr.com/photo/1024x768/20241106/672b116774daf.jpg');
INSERT INTO facility_image_urls (facility_id, image_urls) VALUES (72, 'https://file.ramblr.com/photo/1024x768/20241106/672b11691665c.jpg');
INSERT INTO facility_image_urls (facility_id, image_urls) VALUES (73, 'https://github.com/bongdam-safety/documents/blob/main/%EA%B8%B0%ED%83%80%EC%9E%90%EB%A3%8C/%EC%9D%8D%EC%82%AC%EB%AC%B4%EC%86%8C%20%EB%AC%B4%EC%9D%B8%ED%83%9D%EB%B0%B0%ED%95%A8%20%EC%82%AC%EC%A7%84/20241114_133923.jpg?raw=true');
INSERT INTO facility_image_urls (facility_id, image_urls) VALUES (73, 'https://github.com/bongdam-safety/documents/blob/main/%EA%B8%B0%ED%83%80%EC%9E%90%EB%A3%8C/%EC%9D%8D%EC%82%AC%EB%AC%B4%EC%86%8C%20%EB%AC%B4%EC%9D%B8%ED%83%9D%EB%B0%B0%ED%95%A8%20%EC%82%AC%EC%A7%84/20241114_133940.jpg?raw=true');
