INSERT INTO facility_category (id, category_name, visible) VALUES (1, '방범CCTV', 1);
INSERT INTO facility_category (id, category_name, visible) VALUES (2, '경고문', 1);
INSERT INTO facility_category (id, category_name, visible) VALUES (3, '노면표기', 1);
INSERT INTO facility_category (id, category_name, visible) VALUES (4, 'SOS비상벨', 1);
INSERT INTO facility_category (id, category_name, visible) VALUES (5, '안심등', 1);
INSERT INTO facility_category (id, category_name, visible) VALUES (6, '여성안심안내지도', 1);
INSERT INTO facility_category (id, category_name, visible) VALUES (7, '솔라표지병', 1);
INSERT INTO facility_category (id, category_name, visible) VALUES (8, '로고젝터', 1);
INSERT INTO facility_category (id, category_name, visible) VALUES (9, '여성안심화장실', 1);
INSERT INTO facility_category (id, category_name, visible) VALUES (10, '안심거울(광각반사경)', 1);
INSERT INTO facility_category (id, category_name, visible) VALUES (11, '안심무인택배함', 1);

INSERT INTO facility (id, latitude, longitude, content, facility_category_id) VALUES (1, 37.2153629206238, 126.965393754958, '효행초 주변 방범 cctv', 1);

INSERT INTO facility (id, latitude, longitude, content, facility_category_id) VALUES (2, 37.2161923863616, 126.967239631647, '효행초 주변 방범 cctv', 1);
INSERT INTO facility (id, latitude, longitude, content, facility_category_id) VALUES (3, 37.2159913208762, 126.96897368965, '효행초 주변 방범 cctv', 1);

INSERT INTO facility (id, latitude, longitude, content, facility_category_id) VALUES (4, 37.215492153717, 126.968996142843, '효행초 주변 방범 cctv', 1);
INSERT INTO facility (id, latitude, longitude, content, facility_category_id) VALUES (5, 37.2150868071492, 126.969490203087, '효행초 주변 방범 cctv', 1);
INSERT INTO facility (id, latitude, longitude, content, facility_category_id) VALUES (6, 37.2120137140187, 126.969955069373, '와우리 쌍용apt 방범 cctv', 1);

INSERT INTO facility (id, latitude, longitude, content, facility_category_id) VALUES (7, 37.2127323788586, 126.973960887314, '푸르지오 apt 앞 방범cctv', 1);
INSERT INTO facility (id, latitude, longitude, content, facility_category_id) VALUES (8, 37.2147439888658, 126.971329004716, '신명apt 앞', 1);
INSERT INTO facility (id, latitude, longitude, content, facility_category_id) VALUES (9, 37.2162095711414, 126.970275520366, '어린이 물놀이터 안', 1);
INSERT INTO facility (id, latitude, longitude, content, facility_category_id) VALUES (10, 37.2165420766256, 126.971027643248, '와우정 앞', 1);
INSERT INTO facility (id, latitude, longitude, content, facility_category_id) VALUES (11, 37.2163341626157, 126.972121975217, '임광그대가 2단지 후문', 1);
INSERT INTO facility (id, latitude, longitude, content, facility_category_id) VALUES (12, 37.2156962339035, 126.97553137955, '위험구역 ', 1);
INSERT INTO facility (id, latitude, longitude, content, facility_category_id) VALUES (13, 37.2143272390402, 126.975677924819, '화성세무서 앞', 1);
INSERT INTO facility (id, latitude, longitude, content, facility_category_id) VALUES (14, 37.2155094938453, 126.97395473522, '임광 그대가 1단지 앞', 1);

INSERT INTO facility (id, latitude, longitude, content, facility_category_id) VALUES (15, 37.2172205260262, 126.975755303252, '와우로 119번길 아트빌 앞', 1);
INSERT INTO facility (id, latitude, longitude, content, facility_category_id) VALUES (16, 37.2172329285578, 126.976611010719, '와우 남촌 마을회관 앞', 1);

INSERT INTO facility (id, latitude, longitude, content, facility_category_id) VALUES (17, 37.2180847125772, 126.977641847711, '와우리 심석진 황소야 앞 터널', 1);
INSERT INTO facility (id, latitude, longitude, content, facility_category_id) VALUES (18, 37.2186193902897, 126.972620890781, '와우리 교회 앞', 1);
INSERT INTO facility (id, latitude, longitude, content, facility_category_id) VALUES (19, 37.2175924287984, 126.970283520927, '에듀시티 파라곤apt와 봉담지구대 사이 도로 ', 1);
INSERT INTO facility (id, latitude, longitude, content, facility_category_id) VALUES (20, 37.2197356973516, 126.970370773086, '봉담동화지구 도시개발구역', 1);
INSERT INTO facility (id, latitude, longitude, content, facility_category_id) VALUES (21, 37.2218068738042, 126.971071032096, '자이 라피네 apt 앞', 1);
INSERT INTO facility (id, latitude, longitude, content, facility_category_id) VALUES (22, 37.2204506975414, 126.971175605094, '와우초와 봉담라피네 사이', 1);
INSERT INTO facility (id, latitude, longitude, content, facility_category_id) VALUES (23, 37.2196594779485, 126.969377152108, '에듀시티 파라곤apt 정문', 1);
INSERT INTO facility (id, latitude, longitude, content, facility_category_id) VALUES (24, 37.2176450821014, 126.968307045775, '백동물 의료센터 앞', 1);
INSERT INTO facility (id, latitude, longitude, content, facility_category_id) VALUES (25, 37.2143780114316, 126.978104979244, '던킨도너츠 앞 사거리', 1);
INSERT INTO facility (id, latitude, longitude, content, facility_category_id) VALUES (26, 37.2138397902441, 126.979565952949, '수원대 버스 정류장', 1);
INSERT INTO facility (id, latitude, longitude, content, facility_category_id) VALUES (27, 37.2147685901151, 126.980374484777, '마트킹 앞 도로', 1);

INSERT INTO facility (id, latitude, longitude, content, facility_category_id) VALUES (28, 37.2169013968544, 126.978565784534, '해성자동차공업사 앞 도로', 1);
INSERT INTO facility (id, latitude, longitude, content, facility_category_id) VALUES (29, 37.2174140078081, 126.978266444367, '제이엠미트 앞 도로', 1);
INSERT INTO facility (id, latitude, longitude, content, facility_category_id) VALUES (30, 37.2183190311755, 126.976874711542, '와우리 범죄침입구역 입구', 1);
INSERT INTO facility (id, latitude, longitude, content, facility_category_id) VALUES (31, 37.2186620258489, 126.976530337947, '범죄침입구역 경고문', 2);
INSERT INTO facility (id, latitude, longitude, content, facility_category_id) VALUES (32, 37.2195125253959, 126.976372267928, '범죄침입구역 경고문', 2);

INSERT INTO facility (id, latitude, longitude, content, facility_category_id) VALUES (33, 37.2185792574212, 126.976573049691, '와우리 원룸 지역 24-13 앞', 1);
INSERT INTO facility (id, latitude, longitude, content, facility_category_id) VALUES (34, 37.2191018991981, 126.975807885933, '범죄침입구역 경고문', 2);
INSERT INTO facility (id, latitude, longitude, content, facility_category_id) VALUES (35, 37.2192006541435, 126.975122262354, '와우리 원룸 지역 17-7 앞', 1);
INSERT INTO facility (id, latitude, longitude, content, facility_category_id) VALUES (36, 37.2172477688673, 126.975587332685, '와우리 원룸지역 39 앞', 1);





INSERT INTO facility_image_urls (facility_id, image_urls) VALUES (1, 'https://file.ramblr.com/photo/1024x768/20240818/66c1613224c24.jpg');
INSERT INTO facility_image_urls (facility_id, image_urls) VALUES (1, 'https://file.ramblr.com/photo/1024x768/20240818/66c161347c624.jpg');
INSERT INTO facility_image_urls (facility_id, image_urls) VALUES (2, 'https://file.ramblr.com/photo/1024x768/20240818/66c161360c575.jpg');
INSERT INTO facility_image_urls (facility_id, image_urls) VALUES (3, 'https://file.ramblr.com/photo/1024x768/20240818/66c16137a26f8.jpg');
INSERT INTO facility_image_urls (facility_id, image_urls) VALUES (3, 'https://file.ramblr.com/photo/1024x768/20240818/66c1613a01d00.jpg');
INSERT INTO facility_image_urls (facility_id, image_urls) VALUES (4, 'https://file.ramblr.com/photo/1024x768/20240818/66c1613bbeaba.jpg');
INSERT INTO facility_image_urls (facility_id, image_urls) VALUES (5, 'https://file.ramblr.com/photo/1024x768/20240818/66c16143a674b.jpg');
INSERT INTO facility_image_urls (facility_id, image_urls) VALUES (6, 'https://file.ramblr.com/photo/1024x768/20240818/66c161460d287.jpg');
INSERT INTO facility_image_urls (facility_id, image_urls) VALUES (6, 'https://file.ramblr.com/photo/1024x768/20240818/66c16147dce7d.jpg');
INSERT INTO facility_image_urls (facility_id, image_urls) VALUES (7, 'https://file.ramblr.com/photo/1024x768/20240818/66c1614fac782.jpg');
INSERT INTO facility_image_urls (facility_id, image_urls) VALUES (8, 'https://file.ramblr.com/photo/1024x768/20240818/66c161530671a.jpg');
INSERT INTO facility_image_urls (facility_id, image_urls) VALUES (9, 'https://file.ramblr.com/photo/1024x768/20240818/66c161547a82b.jpg');
INSERT INTO facility_image_urls (facility_id, image_urls) VALUES (10, 'https://file.ramblr.com/photo/1024x768/20240818/66c161560a11e.jpg');
INSERT INTO facility_image_urls (facility_id, image_urls) VALUES (11, 'https://file.ramblr.com/photo/1024x768/20240818/66c161578ca5f.jpg');
INSERT INTO facility_image_urls (facility_id, image_urls) VALUES (12, 'https://file.ramblr.com/photo/1024x768/20240818/66c16159c8d7f.jpg');
INSERT INTO facility_image_urls (facility_id, image_urls) VALUES (13, 'https://file.ramblr.com/photo/1024x768/20240818/66c1615c0e234.jpg');
INSERT INTO facility_image_urls (facility_id, image_urls) VALUES (14, 'https://file.ramblr.com/photo/1024x768/20240818/66c1615dd7bc1.jpg');
INSERT INTO facility_image_urls (facility_id, image_urls) VALUES (14, 'https://file.ramblr.com/photo/1024x768/20240818/66c1615f5188d.jpg');
INSERT INTO facility_image_urls (facility_id, image_urls) VALUES (15, 'https://file.ramblr.com/photo/1024x768/20240818/66c16161361cc.jpg');
INSERT INTO facility_image_urls (facility_id, image_urls) VALUES (16, 'https://file.ramblr.com/photo/1024x768/20240818/66c16162acafc.jpg');
INSERT INTO facility_image_urls (facility_id, image_urls) VALUES (16, 'https://file.ramblr.com/photo/1024x768/20240818/66c16165e25af.jpg');
INSERT INTO facility_image_urls (facility_id, image_urls) VALUES (17, 'https://file.ramblr.com/photo/1024x768/20240818/66c16168571ba.jpg');
INSERT INTO facility_image_urls (facility_id, image_urls) VALUES (18, 'https://file.ramblr.com/photo/1024x768/20240818/66c1616a1d445.jpg');
INSERT INTO facility_image_urls (facility_id, image_urls) VALUES (19, 'https://file.ramblr.com/photo/1024x768/20240818/66c1616d2a109.jpg');
INSERT INTO facility_image_urls (facility_id, image_urls) VALUES (20, 'https://file.ramblr.com/photo/1024x768/20240818/66c1616ec7f21.jpg');
INSERT INTO facility_image_urls (facility_id, image_urls) VALUES (21, 'https://file.ramblr.com/photo/1024x768/20240818/66c161707c80f.jpg');
INSERT INTO facility_image_urls (facility_id, image_urls) VALUES (22, 'https://file.ramblr.com/photo/1024x768/20240818/66c16173d61d5.jpg');
INSERT INTO facility_image_urls (facility_id, image_urls) VALUES (23, 'https://file.ramblr.com/photo/1024x768/20240818/66c16178b667e.jpg');
INSERT INTO facility_image_urls (facility_id, image_urls) VALUES (24, 'https://file.ramblr.com/photo/1024x768/20240818/66c1617a42182.jpg');
INSERT INTO facility_image_urls (facility_id, image_urls) VALUES (25, 'https://file.ramblr.com/photo/1024x768/20240818/66c1617bc3d2c.jpg');
INSERT INTO facility_image_urls (facility_id, image_urls) VALUES (26, 'https://file.ramblr.com/photo/1024x768/20240818/66c1617d538cc.jpg');
INSERT INTO facility_image_urls (facility_id, image_urls) VALUES (27, 'https://file.ramblr.com/photo/1024x768/20240818/66c1617fa6463.jpg');
INSERT INTO facility_image_urls (facility_id, image_urls) VALUES (27, 'https://file.ramblr.com/photo/1024x768/20240818/66c16181b04ee.jpg');
INSERT INTO facility_image_urls (facility_id, image_urls) VALUES (28, 'https://file.ramblr.com/photo/1024x768/20240818/66c161839b5d4.jpg');
INSERT INTO facility_image_urls (facility_id, image_urls) VALUES (29, 'https://file.ramblr.com/photo/1024x768/20240818/66c1618525c56.jpg');
INSERT INTO facility_image_urls (facility_id, image_urls) VALUES (30, 'https://file.ramblr.com/photo/1024x768/20240818/66c16186c63df.jpg');
INSERT INTO facility_image_urls (facility_id, image_urls) VALUES (31, 'https://file.ramblr.com/photo/1024x768/20240818/66c1618859997.jpg');
INSERT INTO facility_image_urls (facility_id, image_urls) VALUES (32, 'https://file.ramblr.com/photo/1024x768/20240818/66c1618aa6ec6.jpg');
INSERT INTO facility_image_urls (facility_id, image_urls) VALUES (32, 'https://file.ramblr.com/photo/1024x768/20240818/66c1618d0580e.jpg');
INSERT INTO facility_image_urls (facility_id, image_urls) VALUES (33, 'https://file.ramblr.com/photo/1024x768/20240818/66c16191aa9b4.jpg');
INSERT INTO facility_image_urls (facility_id, image_urls) VALUES (34, 'https://file.ramblr.com/photo/1024x768/20240818/66c16193dc8a1.jpg');
INSERT INTO facility_image_urls (facility_id, image_urls) VALUES (35, 'https://file.ramblr.com/photo/1024x768/20240818/66c161978485c.jpg');
INSERT INTO facility_image_urls (facility_id, image_urls) VALUES (36, 'https://file.ramblr.com/photo/1024x768/20240818/66c1619c3e07b.jpg');
